{"train_losses": [1.3080771231651307, 1.0988826875686646], "val_accuracies": [0.368625, 0.414125]}