{"train_losses": [0.9912060616016388, 0.8762252057790756, 0.8188547968268395, 0.7792545260190964, 0.7479367828965187, 0.7157411323189735, 0.6647388726174831, 0.6645187118053436, 0.6049783491790295, 0.5607721097171307, 0.5614450011253357, 0.5732254988849163, 0.5259684890508651, 0.4834412703812122, 0.45168598781526087, 0.417981795206666, 0.395584649682045, 0.33568570160865785, 0.31067785204946996, 0.3263159160912037, 0.30718967582657936, 0.285078274441883, 0.22844337969087064, 0.19399581123329698, 0.13157163172960282, 0.1392183339842595, 0.18194646001700313, 0.23548060436919332, 0.3531216428503394, 0.23664284384809434, 0.07040591853763908, 0.12334103344148024, 0.23885948554752395, 0.09296967130247503, 0.10325556799536571, 0.13837485356116666, 0.17012665130477397, 0.12593375164398457, 0.11342754832154606, 0.0842852483263705, 0.013050704778986982, 0.00964829939059564, 0.006076762571101426, 0.005021564021066297, 0.004283351996535203, 0.00392732595767302, 0.0036573665611504113, 0.0034183679895068053, 0.0030532369632128393, 0.0029617622490914074, 0.002790598796957056, 0.00269095712552371, 0.0025906287193647585, 0.0024641588539234364, 0.0021842948530756984, 0.002074959932208003, 0.0020167519288806944, 0.001947148032944824, 0.0018769642747574835, 0.0018382834100666514, 0.0017916340483934618, 0.0017522695728112011, 0.0016822195257500424, 0.0016387660541076913, 0.001604220322540641, 0.0015687599045340903, 0.0015339765135940979, 0.0015175443017506041, 0.0014780855183744279, 0.0014515658470591005, 0.0014366791953289066, 0.0014125164265296917, 0.0013906202110665618, 0.0013598891614001333, 0.0013454294678012957, 0.001479492959817435, 0.0013283784633322283, 0.001297739243191245, 0.0012879474490837311, 0.0012622957660478277, 0.0012451190572501218, 0.0012204968624391767, 0.0012111908357401262, 0.0011963983841615118, 0.0011835730377242725, 0.0011735327995734224, 0.0011554880475559911, 0.0011304669605742674, 0.0011197243222231918, 0.0010788747839224015, 0.001070557641063715, 0.001073085006133624, 0.0010403959586037673, 0.0010248403368423168, 0.0010141644084469589, 0.0009754337772646978, 0.0010303275914766345, 0.0009729002055355522, 0.0009442615505749928, 0.0009167859259978286], "val_accuracies": [0.5225, 0.56625, 0.60375, 0.5625, 0.63125, 0.60875, 0.5575, 0.58625, 0.62125, 0.6025, 0.6175, 0.6125, 0.56, 0.60125, 0.625, 0.605, 0.54625, 0.59, 0.60125, 0.5625, 0.60875, 0.58875, 0.6275, 0.60875, 0.6, 0.59, 0.59125, 0.57125, 0.5875, 0.58625, 0.60875, 0.5725, 0.59125, 0.61375, 0.6025, 0.55625, 0.595, 0.59875, 0.59, 0.58875, 0.5925, 0.6, 0.58625, 0.58375, 0.585, 0.58375, 0.5725, 0.5825, 0.58375, 0.58625, 0.59, 0.585, 0.59375, 0.58375, 0.58125, 0.58, 0.58375, 0.58, 0.58125, 0.58125, 0.58125, 0.57875, 0.57875, 0.58125, 0.575, 0.57625, 0.57625, 0.57625, 0.57625, 0.57875, 0.58125, 0.57875, 0.57875, 0.58, 0.5775, 0.58125, 0.58125, 0.5825, 0.5825, 0.57875, 0.58125, 0.5825, 0.5825, 0.58, 0.58, 0.58, 0.57875, 0.58, 0.57875, 0.58125, 0.57875, 0.58375, 0.57875, 0.58125, 0.57875, 0.58125, 0.57875, 0.57875, 0.5775, 0.57875]}